{
  "A": {
    "teams": [
      "Mexico",
      "South Africa",
      "South Korea",
      "Czech Republic"
    ],
    "prior": [
      1875.0000074652778,
      1517.0000491319445,
      1758.0000692708334,
      1739.9998741319444
    ],
    "hybrid": [
      1874.0323047542165,
      1569.9549798666942,
      1763.7899381481307,
      1756.6874117836724
    ]
  },
  "B": {
    "teams": [
      "Canada",
      "Bosnia and Herzegovina",
      "Qatar",
      "Switzerland"
    ],
    "prior": [
      1788.000071107213,
      1595.000014462837,
      1421.0000902296194,
      1890.9998242003305
    ],
    "hybrid": [
      1797.2405250065362,
      1595.000014462837,
      1457.0124030380362,
      1880.3361983728255
    ]
  },
  "C": {
    "teams": [
      "Brazil",
      "Morocco",
      "Haiti",
      "Scotland"
    ],
    "prior": [
      1991.0000246957543,
      1827.0000973811732,
      1547.999999291385,
      1781.9998786316876
    ],
    "hybrid": [
      1988.0592826739617,
      1840.83578165874,
      1547.999999291385,
      1784.2119962786724
    ]
  },
  "D": {
    "teams": [
      "United States",
      "Paraguay",
      "Australia",
      "Turkey"
    ],
    "prior": [
      1726.000130685764,
      1834.0000239149306,
      1777.000030685764,
      1910.9998147135416
    ],
    "hybrid": [
      1748.2453262946626,
      1829.8412880166377,
      1777.7603697895552,
      1886.0055736410018
    ]
  },
  "E": {
    "teams": [
      "Germany",
      "Curacao",
      "Ivory Coast",
      "Ecuador"
    ],
    "prior": [
      1932.00015,
      1434.0,
      1695.0,
      1937.99985
    ],
    "hybrid": [
      1937.4257266320587,
      1434.0,
      1724.511078708044,
      1924.847221391296
    ]
  },
  "F": {
    "teams": [
      "Netherlands",
      "Japan",
      "Sweden",
      "Tunisia"
    ],
    "prior": [
      1948.0,
      1906.00015,
      1712.0,
      1627.99985
    ],
    "hybrid": [
      1930.2656535725694,
      1894.7624259401207,
      1726.3000392077934,
      1658.9419952545998
    ]
  },
  "G": {
    "teams": [
      "Belgium",
      "Egypt",
      "Iran",
      "New Zealand"
    ],
    "prior": [
      1894.000075,
      1696.0,
      1772.0,
      1561.999925
    ],
    "hybrid": [
      1884.134037527846,
      1723.239125239184,
      1778.2400491660565,
      1561.999925
    ]
  },
  "H": {
    "teams": [
      "Spain",
      "Cape Verde",
      "Saudi Arabia",
      "Uruguay"
    ],
    "prior": [
      2157.0001914956965,
      1578.000124740864,
      1575.9998855962597,
      1891.9997981671797
    ],
    "hybrid": [
      2104.58748310745,
      1620.5953051459855,
      1600.6637926665294,
      1890.9538398307877
    ]
  },
  "I": {
    "teams": [
      "France",
      "Senegal",
      "Iraq",
      "Norway"
    ],
    "prior": [
      2062.999848639742,
      1860.0001043488796,
      1607.0001049830792,
      1913.999942028299
    ],
    "hybrid": [
      2025.1911825978495,
      1861.460476507159,
      1607.0001049830792,
      1913.999942028299
    ]
  },
  "J": {
    "teams": [
      "Argentina",
      "Algeria",
      "Austria",
      "Jordan"
    ],
    "prior": [
      2114.9998570887633,
      1772.0000024858064,
      1830.0001438895556,
      1679.999996535875
    ],
    "hybrid": [
      2086.0573624577237,
      1778.7453575239053,
      1829.4908766845033,
      1679.999996535875
    ]
  },
  "K": {
    "teams": [
      "Portugal",
      "DR Congo",
      "Uzbekistan",
      "Colombia"
    ],
    "prior": [
      1989.0001150716553,
      1651.9999988436928,
      1714.0000140741763,
      1981.9998720104757
    ],
    "hybrid": [
      1973.2247360481133,
      1703.9847751725079,
      1714.0000140741763,
      1969.5263857570028
    ]
  },
  "L": {
    "teams": [
      "England",
      "Croatia",
      "Ghana",
      "Panama"
    ],
    "prior": [
      2023.9999593770042,
      1912.0001489613626,
      1509.999958334667,
      1729.9999333269661
    ],
    "hybrid": [
      1990.489125051447,
      1901.2701946080174,
      1556.179055799199,
      1738.3302426517362
    ]
  }
}