{"advance": {"Mexico": 0.967885, "South Africa": 0.218275, "South Korea": 0.79648, "Czech Republic": 0.735975, "Canada": 0.9696600000000001, "Bosnia and Herzegovina": 0.49061000000000005, "Qatar": 0.147285, "Switzerland": 0.9803199999999999, "Brazil": 0.9755800000000001, "Morocco": 0.88469, "Haiti": 0.17563499999999999, "Scotland": 0.6824349999999999, "United States": 0.6269750000000001, "Paraguay": 0.669065, "Australia": 0.626645, "Turkey": 0.843465, "Germany": 0.9791099999999999, "Curacao": 0.08443, "Ivory Coast": 0.71584, "Ecuador": 0.9517199999999999, "Netherlands": 0.947815, "Japan": 0.928705, "Sweden": 0.43525, "Tunisia": 0.33721, "Belgium": 0.9475750000000001, "Egypt": 0.6446099999999999, "Iran": 0.8135249999999999, "New Zealand": 0.31503000000000003, "Spain": 0.998445, "Cape Verde": 0.254215, "Saudi Arabia": 0.28005, "Uruguay": 0.9072899999999999, "France": 0.9665149999999999, "Senegal": 0.7691049999999999, "Iraq": 0.14788, "Norway": 0.85265, "Argentina": 0.9912399999999999, "Algeria": 0.63819, "Austria": 0.71619, "Jordan": 0.28975, "Portugal": 0.951245, "DR Congo": 0.305875, "Uzbekistan": 0.431505, "Colombia": 0.934695, "England": 0.984825, "Croatia": 0.93529, "Ghana": 0.12401999999999999, "Panama": 0.629225}, "pos": {"Mexico": [0.641665, 0.24079, 0.096295, 0.02125], "South Africa": [0.01729, 0.07691, 0.21698, 0.68882], "South Korea": [0.19436, 0.36378, 0.31618, 0.12568], "Czech Republic": [0.146685, 0.31852, 0.370545, 0.16425], "Canada": [0.426565, 0.458245, 0.100155, 0.015035], "Bosnia and Herzegovina": [0.030125, 0.129535, 0.56861, 0.27173], "Qatar": [0.00483, 0.034365, 0.257765, 0.70304], "Switzerland": [0.53848, 0.377855, 0.07347, 0.010195], "Brazil": [0.630595, 0.260075, 0.093725, 0.015605], "Morocco": [0.25898, 0.428505, 0.247155, 0.06536], "Haiti": [0.01212, 0.05644, 0.202035, 0.729405], "Scotland": [0.098305, 0.25498, 0.457085, 0.18963], "United States": [0.189525, 0.236255, 0.26662, 0.3076], "Paraguay": [0.20297, 0.258985, 0.274805, 0.26324], "Australia": [0.179945, 0.241085, 0.27464, 0.30433], "Turkey": [0.42756, 0.263675, 0.183935, 0.12483], "Germany": [0.54453, 0.32589, 0.11905, 0.01053], "Curacao": [0.00301, 0.020215, 0.13694, 0.839835], "Ivory Coast": [0.084165, 0.224185, 0.56279, 0.12886], "Ecuador": [0.368295, 0.42971, 0.18122, 0.020775], "Netherlands": [0.499055, 0.35357, 0.113625, 0.03375], "Japan": [0.423495, 0.39346, 0.137725, 0.04532], "Sweden": [0.04833, 0.144715, 0.40222, 0.404735], "Tunisia": [0.02912, 0.108255, 0.34643, 0.516195], "Belgium": [0.589775, 0.257845, 0.115205, 0.037175], "Egypt": [0.122525, 0.26308, 0.36649, 0.247905], "Iran": [0.24936, 0.363045, 0.26005, 0.127545], "New Zealand": [0.03834, 0.11603, 0.258255, 0.587375], "Spain": [0.860225, 0.12989, 0.00893, 0.000955], "Cape Verde": [0.0048, 0.0906, 0.406065, 0.498535], "Saudi Arabia": [0.00528, 0.098575, 0.43517, 0.460975], "Uruguay": [0.129695, 0.680935, 0.149835, 0.039535], "France": [0.59632, 0.26664, 0.117485, 0.019555], "Senegal": [0.156705, 0.314095, 0.40402, 0.12518], "Iraq": [0.010075, 0.045995, 0.171225, 0.772705], "Norway": [0.2369, 0.37327, 0.30727, 0.08256], "Argentina": [0.823965, 0.136825, 0.033185, 0.006025], "Algeria": [0.067235, 0.32984, 0.369145, 0.23378], "Austria": [0.092445, 0.40437, 0.32582, 0.177365], "Jordan": [0.016355, 0.128965, 0.27185, 0.58283], "Portugal": [0.50607, 0.35785, 0.105275, 0.030805], "DR Congo": [0.024245, 0.095845, 0.34253, 0.53738], "Uzbekistan": [0.04276, 0.14219, 0.42246, 0.39259], "Colombia": [0.426925, 0.404115, 0.129735, 0.039225], "England": [0.63607, 0.28353, 0.07228, 0.00812], "Croatia": [0.30066, 0.48089, 0.1871, 0.03135], "Ghana": [0.00477, 0.032915, 0.19133, 0.770985], "Panama": [0.0585, 0.202665, 0.54929, 0.189545]}, "host_boost": 0.26}