{"advance": {"Mexico": 0.876185, "South Africa": 0.34689500000000006, "South Korea": 0.76934, "Czech Republic": 0.722015, "Canada": 0.8746799999999999, "Bosnia and Herzegovina": 0.54823, "Qatar": 0.274015, "Switzerland": 0.947005, "Brazil": 0.9351950000000001, "Morocco": 0.8275699999999999, "Haiti": 0.27334499999999995, "Scotland": 0.660445, "United States": 0.55037, "Paraguay": 0.6877599999999999, "Australia": 0.66121, "Turkey": 0.819965, "Germany": 0.938965, "Curacao": 0.17809, "Ivory Coast": 0.679395, "Ecuador": 0.895045, "Netherlands": 0.8947200000000001, "Japan": 0.8751950000000001, "Sweden": 0.48475500000000005, "Tunisia": 0.41251, "Belgium": 0.8986350000000001, "Egypt": 0.63407, "Iran": 0.7671699999999999, "New Zealand": 0.400255, "Spain": 0.98658, "Cape Verde": 0.33516999999999997, "Saudi Arabia": 0.35947999999999997, "Uruguay": 0.83933, "France": 0.91907, "Senegal": 0.72495, "Iraq": 0.255355, "Norway": 0.7954899999999999, "Argentina": 0.9648399999999999, "Algeria": 0.6242650000000001, "Austria": 0.686265, "Jordan": 0.37085500000000005, "Portugal": 0.9001399999999999, "DR Congo": 0.38974, "Uzbekistan": 0.47619, "Colombia": 0.8770100000000001, "England": 0.94945, "Croatia": 0.877015, "Ghana": 0.22009499999999999, "Panama": 0.61568}, "pos": {"Mexico": [0.4373, 0.291185, 0.186795, 0.08472], "South Africa": [0.060075, 0.13037, 0.252425, 0.55713], "South Korea": [0.273505, 0.29934, 0.26478, 0.162375], "Czech Republic": [0.22912, 0.279105, 0.296, 0.195775], "Canada": [0.32588, 0.39791, 0.19948, 0.07673], "Bosnia and Herzegovina": [0.08599, 0.20836, 0.410135, 0.295515], "Qatar": [0.028955, 0.0988, 0.278, 0.594245], "Switzerland": [0.559175, 0.29493, 0.112385, 0.03351], "Brazil": [0.540985, 0.27839, 0.13771, 0.042915], "Morocco": [0.279705, 0.35651, 0.25383, 0.109955], "Haiti": [0.03653, 0.10031, 0.24171, 0.62145], "Scotland": [0.14278, 0.26479, 0.36675, 0.22568], "United States": [0.152835, 0.21212, 0.27177, 0.363275], "Paraguay": [0.229755, 0.26648, 0.26648, 0.237285], "Australia": [0.215315, 0.2544, 0.268415, 0.26187], "Turkey": [0.402095, 0.267, 0.193335, 0.13757], "Germany": [0.498415, 0.311525, 0.15428, 0.03578], "Curacao": [0.01629, 0.05961, 0.199455, 0.724645], "Ivory Coast": [0.13296, 0.25325, 0.430055, 0.183735], "Ecuador": [0.352335, 0.375615, 0.21621, 0.05584], "Netherlands": [0.449535, 0.321325, 0.1582, 0.07094], "Japan": [0.39898, 0.33917, 0.177665, 0.084185], "Sweden": [0.088845, 0.184655, 0.34072, 0.38578], "Tunisia": [0.06264, 0.15485, 0.323415, 0.459095], "Belgium": [0.500225, 0.27354, 0.153915, 0.07232], "Egypt": [0.15971, 0.256865, 0.31939, 0.264035], "Iran": [0.26654, 0.313945, 0.25316, 0.166355], "New Zealand": [0.073525, 0.15565, 0.273535, 0.49729], "Spain": [0.76472, 0.189455, 0.037435, 0.00839], "Cape Verde": [0.0227, 0.14206, 0.3673, 0.46794], "Saudi Arabia": [0.02469, 0.151825, 0.383615, 0.43987], "Uruguay": [0.18789, 0.51666, 0.21165, 0.0838], "France": [0.51037, 0.28359, 0.15434, 0.0517], "Senegal": [0.194975, 0.296505, 0.335155, 0.173365], "Iraq": [0.031195, 0.09325, 0.2317, 0.643855], "Norway": [0.26346, 0.326655, 0.278805, 0.13108], "Argentina": [0.692225, 0.207325, 0.076725, 0.023725], "Algeria": [0.11617, 0.295605, 0.32867, 0.259555], "Austria": [0.14444, 0.335905, 0.307975, 0.21168], "Jordan": [0.047165, 0.161165, 0.28663, 0.50504], "Portugal": [0.46141, 0.32159, 0.150515, 0.066485], "DR Congo": [0.057185, 0.148465, 0.32157, 0.47278], "Uzbekistan": [0.08105, 0.18321, 0.35462, 0.38112], "Colombia": [0.400355, 0.346735, 0.173295, 0.079615], "England": [0.552875, 0.297315, 0.12001, 0.0298], "Croatia": [0.32031, 0.39257, 0.21529, 0.07183], "Ghana": [0.020685, 0.076085, 0.240585, 0.662645], "Panama": [0.10613, 0.23403, 0.424115, 0.235725]}}