{"advance": {"Mexico": 0.9279200000000001, "South Africa": 0.24381, "South Korea": 0.816505, "Czech Republic": 0.7590349999999999, "Canada": 0.93144, "Bosnia and Herzegovina": 0.531405, "Qatar": 0.175265, "Switzerland": 0.98261, "Brazil": 0.9749449999999998, "Morocco": 0.88411, "Haiti": 0.17436000000000001, "Scotland": 0.679645, "United States": 0.512515, "Paraguay": 0.7049949999999999, "Australia": 0.6652750000000001, "Turkey": 0.8663599999999999, "Germany": 0.979495, "Curacao": 0.082495, "Ivory Coast": 0.714735, "Ecuador": 0.9508, "Netherlands": 0.9461350000000001, "Japan": 0.92893, "Sweden": 0.435435, "Tunisia": 0.333345, "Belgium": 0.946105, "Egypt": 0.640725, "Iran": 0.81292, "New Zealand": 0.31405500000000003, "Spain": 0.9985200000000001, "Cape Verde": 0.25171, "Saudi Arabia": 0.27854, "Uruguay": 0.906315, "France": 0.965395, "Senegal": 0.768595, "Iraq": 0.14673, "Norway": 0.8531949999999999, "Argentina": 0.9910249999999999, "Algeria": 0.636155, "Austria": 0.71582, "Jordan": 0.28739499999999996, "Portugal": 0.9524600000000001, "DR Congo": 0.304925, "Uzbekistan": 0.42656499999999997, "Colombia": 0.9334349999999999, "England": 0.9847600000000001, "Croatia": 0.934925, "Ghana": 0.121175, "Panama": 0.6269899999999999}, "pos": {"Mexico": [0.50556, 0.28964, 0.15795, 0.04685], "South Africa": [0.02745, 0.08406, 0.21625, 0.67224], "South Korea": [0.26408, 0.32696, 0.28732, 0.12164], "Czech Republic": [0.20291, 0.29934, 0.33848, 0.15927], "Canada": [0.31342, 0.490615, 0.160675, 0.03529], "Bosnia and Herzegovina": [0.0429, 0.170015, 0.51964, 0.267445], "Qatar": [0.00813, 0.05034, 0.254395, 0.687135], "Switzerland": [0.63555, 0.28903, 0.06529, 0.01013], "Brazil": [0.630195, 0.26041, 0.093915, 0.01548], "Morocco": [0.259135, 0.427645, 0.24753, 0.06569], "Haiti": [0.011425, 0.056615, 0.20283, 0.72913], "Scotland": [0.099245, 0.25533, 0.455725, 0.1897], "United States": [0.119685, 0.196505, 0.27616, 0.40765], "Paraguay": [0.221515, 0.27797, 0.274475, 0.22604], "Australia": [0.197875, 0.26039, 0.279155, 0.26258], "Turkey": [0.460925, 0.265135, 0.17021, 0.10373], "Germany": [0.54532, 0.326325, 0.11795, 0.010405], "Curacao": [0.00353, 0.019745, 0.136555, 0.84017], "Ivory Coast": [0.084255, 0.22288, 0.56389, 0.128975], "Ecuador": [0.366895, 0.43105, 0.181605, 0.02045], "Netherlands": [0.50095, 0.350265, 0.11431, 0.034475], "Japan": [0.42158, 0.394935, 0.13901, 0.044475], "Sweden": [0.048775, 0.14667, 0.40163, 0.402925], "Tunisia": [0.028695, 0.10813, 0.34505, 0.518125], "Belgium": [0.5882, 0.25955, 0.11389, 0.03836], "Egypt": [0.121295, 0.262115, 0.367595, 0.248995], "Iran": [0.251495, 0.362355, 0.258605, 0.127545], "New Zealand": [0.03901, 0.11598, 0.25991, 0.5851], "Spain": [0.861225, 0.12924, 0.008705, 0.00083], "Cape Verde": [0.00456, 0.090825, 0.405175, 0.49944], "Saudi Arabia": [0.00501, 0.099905, 0.43409, 0.460995], "Uruguay": [0.129205, 0.68003, 0.15203, 0.038735], "France": [0.594925, 0.266585, 0.1184, 0.02009], "Senegal": [0.15854, 0.314195, 0.4021, 0.125165], "Iraq": [0.009675, 0.04644, 0.17086, 0.773025], "Norway": [0.23686, 0.37278, 0.30864, 0.08172], "Argentina": [0.825125, 0.136925, 0.031785, 0.006165], "Algeria": [0.067535, 0.32966, 0.36935, 0.233455], "Austria": [0.091025, 0.40506, 0.32645, 0.177465], "Jordan": [0.016315, 0.128355, 0.272415, 0.582915], "Portugal": [0.50777, 0.35779, 0.105125, 0.029315], "DR Congo": [0.023755, 0.096985, 0.343955, 0.535305], "Uzbekistan": [0.04133, 0.14151, 0.421895, 0.395265], "Colombia": [0.427145, 0.403715, 0.129025, 0.040115], "England": [0.637745, 0.28149, 0.072825, 0.00794], "Croatia": [0.300065, 0.48254, 0.185675, 0.03172], "Ghana": [0.00459, 0.033015, 0.188015, 0.77438], "Panama": [0.0576, 0.202955, 0.553485, 0.18596]}, "gamma": 1.5}