{"advance": {"Mexico": 0.864025, "South Africa": 0.366275, "South Korea": 0.7605299999999999, "Czech Republic": 0.717155, "Canada": 0.8614299999999999, "Bosnia and Herzegovina": 0.55246, "Qatar": 0.295605, "Switzerland": 0.9362649999999999, "Brazil": 0.922275, "Morocco": 0.81499, "Haiti": 0.298755, "Scotland": 0.6577500000000001, "United States": 0.5594899999999999, "Paraguay": 0.6854750000000001, "Australia": 0.6616850000000001, "Turkey": 0.80816, "Germany": 0.92744, "Curacao": 0.20089, "Ivory Coast": 0.675685, "Ecuador": 0.8840600000000001, "Netherlands": 0.883795, "Japan": 0.8630800000000001, "Sweden": 0.49487000000000003, "Tunisia": 0.426555, "Belgium": 0.8875299999999999, "Egypt": 0.6381399999999999, "Iran": 0.758515, "New Zealand": 0.41617, "Spain": 0.981355, "Cape Verde": 0.35118000000000005, "Saudi Arabia": 0.37359, "Uruguay": 0.828845, "France": 0.906045, "Senegal": 0.718535, "Iraq": 0.27703, "Norway": 0.7864650000000001, "Argentina": 0.9546399999999999, "Algeria": 0.62501, "Austria": 0.6804399999999999, "Jordan": 0.38893500000000003, "Portugal": 0.88907, "DR Congo": 0.40234, "Uzbekistan": 0.487015, "Colombia": 0.8675650000000001, "England": 0.9388599999999999, "Croatia": 0.8653949999999999, "Ghana": 0.24368, "Panama": 0.61495}, "pos": {"Mexico": [0.424335, 0.291335, 0.190595, 0.093735], "South Africa": [0.067055, 0.139025, 0.25794, 0.53598], "South Korea": [0.27651, 0.290355, 0.26434, 0.168795], "Czech Republic": [0.2321, 0.279285, 0.287125, 0.20149], "Canada": [0.32773, 0.381285, 0.205565, 0.08542], "Bosnia and Herzegovina": [0.09449, 0.214835, 0.39076, 0.299915], "Qatar": [0.036065, 0.11011, 0.280075, 0.57375], "Switzerland": [0.541715, 0.29377, 0.1236, 0.040915], "Brazil": [0.521055, 0.28097, 0.14579, 0.052185], "Morocco": [0.281705, 0.34556, 0.25247, 0.120265], "Haiti": [0.04484, 0.111515, 0.24783, 0.595815], "Scotland": [0.1524, 0.261955, 0.35391, 0.231735], "United States": [0.158055, 0.21633, 0.270965, 0.35465], "Paraguay": [0.23343, 0.264895, 0.262845, 0.23883], "Australia": [0.218195, 0.25376, 0.26798, 0.260065], "Turkey": [0.39032, 0.265015, 0.19821, 0.146455], "Germany": [0.484965, 0.307145, 0.163705, 0.044185], "Curacao": [0.021055, 0.07088, 0.21086, 0.697205], "Ivory Coast": [0.141935, 0.255705, 0.40845, 0.19391], "Ecuador": [0.352045, 0.36627, 0.216985, 0.0647], "Netherlands": [0.43824, 0.316335, 0.166095, 0.07933], "Japan": [0.39189, 0.329785, 0.185095, 0.09323], "Sweden": [0.09858, 0.191745, 0.3297, 0.379975], "Tunisia": [0.07129, 0.162135, 0.31911, 0.447465], "Belgium": [0.48402, 0.2733, 0.16182, 0.08086], "Egypt": [0.16512, 0.258405, 0.313035, 0.26344], "Iran": [0.2676, 0.30634, 0.253115, 0.172945], "New Zealand": [0.08326, 0.161955, 0.27203, 0.482755], "Spain": [0.73989, 0.201275, 0.04716, 0.011675], "Cape Verde": [0.029705, 0.150145, 0.35869, 0.46146], "Saudi Arabia": [0.03167, 0.158655, 0.37524, 0.434435], "Uruguay": [0.198735, 0.489925, 0.21891, 0.09243], "France": [0.492935, 0.2853, 0.160115, 0.06165], "Senegal": [0.201105, 0.2928, 0.32465, 0.181445], "Iraq": [0.03826, 0.104215, 0.2395, 0.618025], "Norway": [0.2677, 0.317685, 0.275735, 0.13888], "Argentina": [0.664215, 0.217355, 0.086985, 0.031445], "Algeria": [0.126585, 0.290365, 0.321765, 0.261285], "Austria": [0.15371, 0.325545, 0.303135, 0.21761], "Jordan": [0.05549, 0.166735, 0.288115, 0.48966], "Portugal": [0.44821, 0.316705, 0.16056, 0.074525], "DR Congo": [0.064425, 0.155525, 0.31644, 0.46361], "Uzbekistan": [0.090635, 0.190685, 0.344125, 0.374555], "Colombia": [0.39673, 0.337085, 0.178875, 0.08731], "England": [0.535075, 0.2991, 0.12857, 0.037255], "Croatia": [0.323705, 0.37555, 0.21974, 0.081005], "Ghana": [0.026455, 0.08728, 0.247535, 0.63873], "Panama": [0.114765, 0.23807, 0.404155, 0.24301]}, "r": 9.503984125449325}