{
  "pos": {
    "Mexico": [
      0.550075,
      0.26393,
      0.135915,
      0.05008
    ],
    "South Africa": [
      0.045385,
      0.12199,
      0.25102,
      0.581605
    ],
    "South Korea": [
      0.217425,
      0.31918,
      0.295165,
      0.16823
    ],
    "Czech Republic": [
      0.187115,
      0.2949,
      0.3179,
      0.200085
    ],
    "Canada": [
      0.31203,
      0.407675,
      0.218365,
      0.06193
    ],
    "Bosnia and Herzegovina": [
      0.0983,
      0.236565,
      0.448875,
      0.21626
    ],
    "Qatar": [
      0.01485,
      0.06386,
      0.222375,
      0.698915
    ],
    "Switzerland": [
      0.57482,
      0.2919,
      0.110385,
      0.022895
    ],
    "Brazil": [
      0.678825,
      0.231525,
      0.07811,
      0.01154
    ],
    "Morocco": [
      0.21055,
      0.425225,
      0.28464,
      0.079585
    ],
    "Haiti": [
      0.00918,
      0.055125,
      0.1945,
      0.741195
    ],
    "Scotland": [
      0.101445,
      0.288125,
      0.44275,
      0.16768
    ],
    "United States": [
      0.246095,
      0.27184,
      0.259235,
      0.22283
    ],
    "Paraguay": [
      0.21363,
      0.257415,
      0.272885,
      0.25607
    ],
    "Australia": [
      0.125605,
      0.195855,
      0.277555,
      0.400985
    ],
    "Turkey": [
      0.41467,
      0.27489,
      0.190325,
      0.120115
    ],
    "Germany": [
      0.58646,
      0.29115,
      0.11074,
      0.01165
    ],
    "Curacao": [
      0.00524,
      0.02858,
      0.14823,
      0.81795
    ],
    "Ivory Coast": [
      0.10487,
      0.25901,
      0.503665,
      0.132455
    ],
    "Ecuador": [
      0.30343,
      0.42126,
      0.237365,
      0.037945
    ],
    "Netherlands": [
      0.521345,
      0.287305,
      0.138825,
      0.052525
    ],
    "Japan": [
      0.31282,
      0.354675,
      0.22372,
      0.108785
    ],
    "Sweden": [
      0.1165,
      0.230905,
      0.3591,
      0.293495
    ],
    "Tunisia": [
      0.049335,
      0.127115,
      0.278355,
      0.545195
    ],
    "Belgium": [
      0.64114,
      0.230865,
      0.097665,
      0.03033
    ],
    "Egypt": [
      0.15437,
      0.316015,
      0.328635,
      0.20098
    ],
    "Iran": [
      0.167035,
      0.32888,
      0.31705,
      0.187035
    ],
    "New Zealand": [
      0.037455,
      0.12424,
      0.25665,
      0.581655
    ],
    "Spain": [
      0.796245,
      0.17761,
      0.022855,
      0.00329
    ],
    "Cape Verde": [
      0.0125,
      0.113115,
      0.396215,
      0.47817
    ],
    "Saudi Arabia": [
      0.012865,
      0.117595,
      0.405885,
      0.463655
    ],
    "Uruguay": [
      0.17839,
      0.59168,
      0.175045,
      0.054885
    ],
    "France": [
      0.62343,
      0.25739,
      0.102485,
      0.016695
    ],
    "Senegal": [
      0.1265,
      0.29057,
      0.43006,
      0.15287
    ],
    "Iraq": [
      0.01019,
      0.052575,
      0.183165,
      0.75407
    ],
    "Norway": [
      0.23988,
      0.399465,
      0.28429,
      0.076365
    ],
    "Argentina": [
      0.745905,
      0.18651,
      0.0557,
      0.011885
    ],
    "Algeria": [
      0.081655,
      0.289615,
      0.38896,
      0.23977
    ],
    "Austria": [
      0.15323,
      0.415375,
      0.295655,
      0.13574
    ],
    "Jordan": [
      0.01921,
      0.1085,
      0.259685,
      0.612605
    ],
    "Portugal": [
      0.557955,
      0.318725,
      0.095295,
      0.028025
    ],
    "DR Congo": [
      0.037105,
      0.12516,
      0.369435,
      0.4683
    ],
    "Uzbekistan": [
      0.039225,
      0.132185,
      0.37922,
      0.44937
    ],
    "Colombia": [
      0.365715,
      0.42393,
      0.15605,
      0.054305
    ],
    "England": [
      0.666775,
      0.250175,
      0.06623,
      0.01682
    ],
    "Croatia": [
      0.26334,
      0.463325,
      0.197195,
      0.07614
    ],
    "Ghana": [
      0.02754,
      0.120805,
      0.335895,
      0.51576
    ],
    "Panama": [
      0.042345,
      0.165695,
      0.40068,
      0.39128
    ]
  },
  "advance": {
    "Mexico": 0.92889,
    "South Africa": 0.32155,
    "South Korea": 0.75297,
    "Czech Republic": 0.71238,
    "Canada": 0.89103,
    "Bosnia and Herzegovina": 0.63559,
    "Qatar": 0.192385,
    "Switzerland": 0.9621449999999999,
    "Brazil": 0.980485,
    "Morocco": 0.85004,
    "Haiti": 0.156945,
    "Scotland": 0.69174,
    "United States": 0.712485,
    "Paraguay": 0.673045,
    "Australia": 0.51535,
    "Turkey": 0.842545,
    "Germany": 0.976605,
    "Curacao": 0.099075,
    "Ivory Coast": 0.71976,
    "Ecuador": 0.9183000000000001,
    "Netherlands": 0.9237799999999998,
    "Japan": 0.8406,
    "Sweden": 0.59218,
    "Tunisia": 0.34599,
    "Belgium": 0.95686,
    "Egypt": 0.700485,
    "Iran": 0.719905,
    "New Zealand": 0.31009,
    "Spain": 0.9944099999999999,
    "Cape Verde": 0.30302,
    "Saudi Arabia": 0.31356,
    "Uruguay": 0.89054,
    "France": 0.9715600000000001,
    "Senegal": 0.71958,
    "Iraq": 0.154055,
    "Norway": 0.8587100000000001,
    "Argentina": 0.98195,
    "Algeria": 0.6193299999999999,
    "Austria": 0.77372,
    "Jordan": 0.26185,
    "Portugal": 0.9561099999999999,
    "DR Congo": 0.36968999999999996,
    "Uzbekistan": 0.386555,
    "Colombia": 0.9114199999999999,
    "England": 0.9741,
    "Croatia": 0.872155,
    "Ghana": 0.32715,
    "Panama": 0.43733
  },
  "exp_pts": {
    "Mexico": 6.027105,
    "South Africa": 2.1966,
    "South Korea": 4.32755,
    "Czech Republic": 4.073835,
    "Canada": 5.285175,
    "Bosnia and Herzegovina": 3.53373,
    "Qatar": 1.56373,
    "Switzerland": 6.411745,
    "Brazil": 6.868765,
    "Morocco": 4.821925,
    "Haiti": 1.38138,
    "Scotland": 3.781245,
    "United States": 4.20313,
    "Paraguay": 3.96345,
    "Australia": 3.1439,
    "Turkey": 5.171385,
    "Germany": 6.57878,
    "Curacao": 1.05421,
    "Ivory Coast": 3.858155,
    "Ecuador": 5.41431,
    "Netherlands": 5.93862,
    "Japan": 4.981295,
    "Sweden": 3.40817,
    "Tunisia": 2.30564,
    "Belgium": 6.487505,
    "Egypt": 3.96712,
    "Iran": 4.07938,
    "New Zealand": 2.141725,
    "Spain": 7.57256,
    "Cape Verde": 2.11069,
    "Saudi Arabia": 2.16037,
    "Uruguay": 5.13678,
    "France": 6.608375,
    "Senegal": 3.939725,
    "Iraq": 1.364935,
    "Norway": 4.90836,
    "Argentina": 7.0897,
    "Algeria": 3.479925,
    "Austria": 4.335525,
    "Jordan": 1.8977,
    "Portugal": 6.36444,
    "DR Congo": 2.371585,
    "Uzbekistan": 2.44532,
    "Colombia": 5.5895,
    "England": 6.813785,
    "Croatia": 5.12535,
    "Ghana": 2.196915,
    "Panama": 2.66112
  },
  "adv_third": {
    "Mexico": 0.114885,
    "South Africa": 0.154175,
    "South Korea": 0.216365,
    "Czech Republic": 0.230365,
    "Canada": 0.171325,
    "Bosnia and Herzegovina": 0.300725,
    "Qatar": 0.113675,
    "Switzerland": 0.095425,
    "Brazil": 0.070135,
    "Morocco": 0.214265,
    "Haiti": 0.09264,
    "Scotland": 0.30217,
    "United States": 0.19455,
    "Paraguay": 0.202,
    "Australia": 0.19389,
    "Turkey": 0.152985,
    "Germany": 0.098995,
    "Curacao": 0.065255,
    "Ivory Coast": 0.35588,
    "Ecuador": 0.19361,
    "Netherlands": 0.11513,
    "Japan": 0.173105,
    "Sweden": 0.244775,
    "Tunisia": 0.16954,
    "Belgium": 0.084855,
    "Egypt": 0.2301,
    "Iran": 0.22399,
    "New Zealand": 0.148395,
    "Spain": 0.020555,
    "Cape Verde": 0.177405,
    "Saudi Arabia": 0.1831,
    "Uruguay": 0.12047,
    "France": 0.09074,
    "Senegal": 0.30251,
    "Iraq": 0.09129,
    "Norway": 0.219365,
    "Argentina": 0.049535,
    "Algeria": 0.24806,
    "Austria": 0.205115,
    "Jordan": 0.13414,
    "Portugal": 0.07943,
    "DR Congo": 0.207425,
    "Uzbekistan": 0.215145,
    "Colombia": 0.121775,
    "England": 0.05715,
    "Croatia": 0.14549,
    "Ghana": 0.178805,
    "Panama": 0.22929
  }
}