{
  "advance": {
    "Mexico": 0.90974,
    "South Africa": 0.297975,
    "South Korea": 0.7584200000000001,
    "Czech Republic": 0.746445,
    "Canada": 0.9098350000000001,
    "Bosnia and Herzegovina": 0.54496,
    "Qatar": 0.21109,
    "Switzerland": 0.9640400000000001,
    "Brazil": 0.962705,
    "Morocco": 0.829195,
    "Haiti": 0.174485,
    "Scotland": 0.7286600000000001,
    "United States": 0.549725,
    "Paraguay": 0.7319399999999999,
    "Australia": 0.6207499999999999,
    "Turkey": 0.8299650000000001,
    "Germany": 0.964495,
    "Curacao": 0.079925,
    "Ivory Coast": 0.701295,
    "Ecuador": 0.957225,
    "Netherlands": 0.906035,
    "Japan": 0.86755,
    "Sweden": 0.540975,
    "Tunisia": 0.368085,
    "Belgium": 0.924245,
    "Egypt": 0.69078,
    "Iran": 0.79509,
    "New Zealand": 0.29329,
    "Spain": 0.9925550000000001,
    "Cape Verde": 0.32714,
    "Saudi Arabia": 0.282495,
    "Uruguay": 0.8936850000000001,
    "France": 0.94978,
    "Senegal": 0.7565900000000001,
    "Iraq": 0.166235,
    "Norway": 0.844695,
    "Argentina": 0.9772649999999999,
    "Algeria": 0.590735,
    "Austria": 0.706665,
    "Jordan": 0.34246,
    "Portugal": 0.9156799999999999,
    "DR Congo": 0.40112,
    "Uzbekistan": 0.4235,
    "Colombia": 0.91193,
    "England": 0.962485,
    "Croatia": 0.897795,
    "Ghana": 0.182225,
    "Panama": 0.616045
  },
  "pos": {
    "Mexico": [
      0.498425,
      0.279905,
      0.160095,
      0.061575
    ],
    "South Africa": [
      0.04308,
      0.110375,
      0.242115,
      0.60443
    ],
    "South Korea": [
      0.234275,
      0.30847,
      0.29483,
      0.162425
    ],
    "Czech Republic": [
      0.22422,
      0.30125,
      0.30296,
      0.17157
    ],
    "Canada": [
      0.341795,
      0.428325,
      0.179395,
      0.050485
    ],
    "Bosnia and Herzegovina": [
      0.06794,
      0.1957,
      0.462395,
      0.273965
    ],
    "Qatar": [
      0.01597,
      0.069665,
      0.26001,
      0.654355
    ],
    "Switzerland": [
      0.574295,
      0.30631,
      0.0982,
      0.021195
    ],
    "Brazil": [
      0.60893,
      0.25746,
      0.11159,
      0.02202
    ],
    "Morocco": [
      0.229375,
      0.37676,
      0.29861,
      0.095255
    ],
    "Haiti": [
      0.01412,
      0.06175,
      0.19467,
      0.72946
    ],
    "Scotland": [
      0.147575,
      0.30403,
      0.39513,
      0.153265
    ],
    "United States": [
      0.145185,
      0.21132,
      0.2776,
      0.365895
    ],
    "Paraguay": [
      0.27079,
      0.275755,
      0.247955,
      0.2055
    ],
    "Australia": [
      0.18362,
      0.23815,
      0.279695,
      0.298535
    ],
    "Turkey": [
      0.400405,
      0.274775,
      0.19475,
      0.13007
    ],
    "Germany": [
      0.46868,
      0.365935,
      0.14958,
      0.015805
    ],
    "Curacao": [
      0.003645,
      0.0217,
      0.13793,
      0.836725
    ],
    "Ivory Coast": [
      0.09546,
      0.22974,
      0.546385,
      0.128415
    ],
    "Ecuador": [
      0.432215,
      0.382625,
      0.166105,
      0.019055
    ],
    "Netherlands": [
      0.470225,
      0.311505,
      0.154845,
      0.063425
    ],
    "Japan": [
      0.37212,
      0.34582,
      0.192805,
      0.089255
    ],
    "Sweden": [
      0.102935,
      0.20517,
      0.358955,
      0.33294
    ],
    "Tunisia": [
      0.05472,
      0.137505,
      0.293395,
      0.51438
    ],
    "Belgium": [
      0.52703,
      0.27674,
      0.145015,
      0.051215
    ],
    "Egypt": [
      0.173485,
      0.27941,
      0.338925,
      0.20818
    ],
    "Iran": [
      0.259415,
      0.33452,
      0.271225,
      0.13484
    ],
    "New Zealand": [
      0.04007,
      0.10933,
      0.244835,
      0.605765
    ],
    "Spain": [
      0.77106,
      0.197255,
      0.02747,
      0.004215
    ],
    "Cape Verde": [
      0.016705,
      0.12134,
      0.41924,
      0.442715
    ],
    "Saudi Arabia": [
      0.012255,
      0.10433,
      0.38371,
      0.499705
    ],
    "Uruguay": [
      0.19998,
      0.577075,
      0.16958,
      0.053365
    ],
    "France": [
      0.547005,
      0.281435,
      0.141835,
      0.029725
    ],
    "Senegal": [
      0.17601,
      0.304505,
      0.38219,
      0.137295
    ],
    "Iraq": [
      0.014975,
      0.057375,
      0.18163,
      0.74602
    ],
    "Norway": [
      0.26201,
      0.356685,
      0.294345,
      0.08696
    ],
    "Argentina": [
      0.746455,
      0.180965,
      0.05697,
      0.01561
    ],
    "Algeria": [
      0.08652,
      0.289315,
      0.349895,
      0.27427
    ],
    "Austria": [
      0.134155,
      0.375705,
      0.301995,
      0.188145
    ],
    "Jordan": [
      0.03287,
      0.154015,
      0.29114,
      0.521975
    ],
    "Portugal": [
      0.45002,
      0.348475,
      0.14656,
      0.054945
    ],
    "DR Congo": [
      0.05297,
      0.14361,
      0.346685,
      0.456735
    ],
    "Uzbekistan": [
      0.05849,
      0.153045,
      0.35727,
      0.431195
    ],
    "Colombia": [
      0.43852,
      0.35487,
      0.149485,
      0.057125
    ],
    "England": [
      0.57132,
      0.298475,
      0.10872,
      0.021485
    ],
    "Croatia": [
      0.324455,
      0.411885,
      0.20768,
      0.05598
    ],
    "Ghana": [
      0.013905,
      0.060735,
      0.223675,
      0.701685
    ],
    "Panama": [
      0.09032,
      0.228905,
      0.459925,
      0.22085
    ]
  },
  "exp_pts": {
    "Mexico": 5.773285,
    "South Africa": 2.120405,
    "South Korea": 4.397505,
    "Czech Republic": 4.315875,
    "Canada": 5.516805,
    "Bosnia and Herzegovina": 3.144595,
    "Qatar": 1.68248,
    "Switzerland": 6.466085,
    "Brazil": 6.47726,
    "Morocco": 4.740575,
    "Haiti": 1.4944,
    "Scotland": 4.06384,
    "United States": 3.332935,
    "Paraguay": 4.35851,
    "Australia": 3.6996,
    "Turkey": 5.083055,
    "Germany": 6.17984,
    "Curacao": 0.949685,
    "Ivory Coast": 3.77248,
    "Ecuador": 6.034365,
    "Netherlands": 5.717525,
    "Japan": 5.27607,
    "Sweden": 3.20527,
    "Tunisia": 2.428955,
    "Belgium": 5.94261,
    "Egypt": 3.971845,
    "Iran": 4.63708,
    "New Zealand": 2.08394,
    "Spain": 7.4524,
    "Cape Verde": 2.24599,
    "Saudi Arabia": 2.047035,
    "Uruguay": 5.217405,
    "France": 6.1988,
    "Senegal": 4.23668,
    "Iraq": 1.450135,
    "Norway": 4.87044,
    "Argentina": 7.028615,
    "Algeria": 3.40773,
    "Austria": 4.01616,
    "Jordan": 2.294325,
    "Portugal": 5.767785,
    "DR Congo": 2.54848,
    "Uzbekistan": 2.65198,
    "Colombia": 5.724495,
    "England": 6.42048,
    "Croatia": 5.38478,
    "Ghana": 1.539535,
    "Panama": 3.45995
  }
}