{
  "A": {
    "teams": [
      "Mexico",
      "South Africa",
      "South Korea",
      "Czech Republic"
    ],
    "elo": [
      1875.0,
      1517.0,
      1758.0,
      1740.0
    ],
    "market": [
      0.5628976994615761,
      0.06020558002936857,
      0.20558002936857558,
      0.17131669114047968
    ],
    "mkt_rats": [
      1875.0000124421297,
      1517.000081886574,
      1758.0001154513889,
      1739.9997902199075
    ],
    "blend": [
      1875.0000074652778,
      1517.0000491319445,
      1758.0000692708334,
      1739.9998741319444
    ]
  },
  "B": {
    "teams": [
      "Canada",
      "Bosnia and Herzegovina",
      "Qatar",
      "Switzerland"
    ],
    "elo": [
      1788.0,
      1595.0,
      1421.0,
      1891.0
    ],
    "market": [
      0.29887310142087214,
      0.12248897599216071,
      0.024987751102400785,
      0.5536501714845664
    ],
    "mkt_rats": [
      1788.0001185120216,
      1595.0000241047285,
      1421.000150382699,
      1890.999707000551
    ],
    "blend": [
      1788.000071107213,
      1595.000014462837,
      1421.0000902296194,
      1890.9998242003305
    ]
  },
  "C": {
    "teams": [
      "Brazil",
      "Morocco",
      "Haiti",
      "Scotland"
    ],
    "elo": [
      1991.0,
      1827.0,
      1548.0,
      1782.0
    ],
    "market": [
      0.7044334975369458,
      0.2118226600985222,
      0.0064039408866995075,
      0.07733990147783253
    ],
    "mkt_rats": [
      1991.0000411595906,
      1827.0001623019552,
      1547.999998818975,
      1781.9997977194791
    ],
    "blend": [
      1991.0000246957543,
      1827.0000973811732,
      1547.999999291385,
      1781.9998786316876
    ]
  },
  "D": {
    "teams": [
      "United States",
      "Paraguay",
      "Australia",
      "Turkey"
    ],
    "elo": [
      1726.0,
      1834.0,
      1777.0,
      1911.0
    ],
    "market": [
      0.3665689149560117,
      0.17106549364613877,
      0.09579667644183773,
      0.3665689149560117
    ],
    "mkt_rats": [
      1726.0002178096065,
      1834.0000398582176,
      1777.0000511429398,
      1910.999691189236
    ],
    "blend": [
      1726.000130685764,
      1834.0000239149306,
      1777.000030685764,
      1910.9998147135416
    ]
  },
  "E": {
    "teams": [
      "Germany",
      "Curacao",
      "Ivory Coast",
      "Ecuador"
    ],
    "elo": [
      1932.0,
      1434.0,
      1695.0,
      1938.0
    ],
    "market": [
      0.6617647058823529,
      0.0024509803921568627,
      0.125,
      0.2107843137254902
    ],
    "mkt_rats": [
      1932.00025,
      1434.0,
      1695.0,
      1937.99975
    ],
    "blend": [
      1932.00015,
      1434.0,
      1695.0,
      1937.99985
    ]
  },
  "F": {
    "teams": [
      "Netherlands",
      "Japan",
      "Sweden",
      "Tunisia"
    ],
    "elo": [
      1948.0,
      1906.0,
      1712.0,
      1628.0
    ],
    "market": [
      0.5283950617283951,
      0.271604938271605,
      0.14320987654320988,
      0.056790123456790124
    ],
    "mkt_rats": [
      1948.0,
      1906.00025,
      1712.0,
      1627.99975
    ],
    "blend": [
      1948.0,
      1906.00015,
      1712.0,
      1627.99985
    ]
  },
  "G": {
    "teams": [
      "Belgium",
      "Egypt",
      "Iran",
      "New Zealand"
    ],
    "elo": [
      1894.0,
      1696.0,
      1772.0,
      1562.0
    ],
    "market": [
      0.6820412168792934,
      0.16192345436702651,
      0.1211972522080471,
      0.03483807654563297
    ],
    "mkt_rats": [
      1894.000125,
      1696.0,
      1772.0,
      1561.999875
    ],
    "blend": [
      1894.000075,
      1696.0,
      1772.0,
      1561.999925
    ]
  },
  "H": {
    "teams": [
      "Spain",
      "Cape Verde",
      "Saudi Arabia",
      "Uruguay"
    ],
    "elo": [
      2157.0,
      1578.0,
      1576.0,
      1892.0
    ],
    "market": [
      0.7714987714987714,
      0.0171990171990172,
      0.019656019656019656,
      0.19164619164619165
    ],
    "mkt_rats": [
      2157.000319159494,
      1578.00020790144,
      1575.9998093270997,
      1891.999663611966
    ],
    "blend": [
      2157.0001914956965,
      1578.000124740864,
      1575.9998855962597,
      1891.9997981671797
    ]
  },
  "I": {
    "teams": [
      "France",
      "Senegal",
      "Iraq",
      "Norway"
    ],
    "elo": [
      2063.0,
      1860.0,
      1607.0,
      1914.0
    ],
    "market": [
      0.63933626159102,
      0.11224987798926303,
      0.009272816007808686,
      0.2391410444119082
    ],
    "mkt_rats": [
      2062.9997477329034,
      1860.0001739147992,
      1607.0001749717985,
      1913.9999033804986
    ],
    "blend": [
      2062.999848639742,
      1860.0001043488796,
      1607.0001049830792,
      1913.999942028299
    ]
  },
  "J": {
    "teams": [
      "Argentina",
      "Algeria",
      "Austria",
      "Jordan"
    ],
    "elo": [
      2115.0,
      1772.0,
      1830.0,
      1680.0
    ],
    "market": [
      0.70827142149579,
      0.0936106983655275,
      0.18325903912828134,
      0.01485884101040119
    ],
    "mkt_rats": [
      2114.9997618146053,
      1772.0000041430105,
      1830.000239815926,
      1679.999994226458
    ],
    "blend": [
      2114.9998570887633,
      1772.0000024858064,
      1830.0001438895556,
      1679.999996535875
    ]
  },
  "K": {
    "teams": [
      "Portugal",
      "DR Congo",
      "Uzbekistan",
      "Colombia"
    ],
    "elo": [
      1989.0,
      1652.0,
      1714.0,
      1982.0
    ],
    "market": [
      0.6106497313141183,
      0.041524181729360045,
      0.03028822667318027,
      0.3175378602833415
    ],
    "mkt_rats": [
      1989.000191786092,
      1651.9999980728214,
      1714.0000234569604,
      1981.999786684126
    ],
    "blend": [
      1989.0001150716553,
      1651.9999988436928,
      1714.0000140741763,
      1981.9998720104757
    ]
  },
  "L": {
    "teams": [
      "England",
      "Croatia",
      "Ghana",
      "Panama"
    ],
    "elo": [
      2024.0,
      1912.0,
      1510.0,
      1730.0
    ],
    "market": [
      0.6863727454909819,
      0.22545090180360716,
      0.05961923847695389,
      0.028557114228456908
    ],
    "mkt_rats": [
      2023.999932295007,
      1912.0002482689379,
      1509.9999305577785,
      1729.9998888782768
    ],
    "blend": [
      2023.9999593770042,
      1912.0001489613626,
      1509.999958334667,
      1729.9999333269661
    ]
  }
}