{
  "Albania": {
    "att": -0.07303459375148584,
    "dff": -0.016402941025679376,
    "strength": -0.08943753477716522,
    "eff_n": 3.469293448231777
  },
  "Algeria": {
    "att": 0.023392330745302503,
    "dff": -0.018262007581872228,
    "strength": 0.005130323163430275,
    "eff_n": 3.091226650368599
  },
  "Angola": {
    "att": 0.04749725051130739,
    "dff": 0.043293742291018386,
    "strength": 0.09079099280232578,
    "eff_n": 5.168797460188926
  },
  "Argentina": {
    "att": 0.34839880699030595,
    "dff": 0.23756106486038023,
    "strength": 0.5859598718506862,
    "eff_n": 13.169082693762656
  },
  "Australia": {
    "att": -0.11923408790831824,
    "dff": -0.0364463781667337,
    "strength": -0.15568046607505193,
    "eff_n": 3.6598562736395133
  },
  "Austria": {
    "att": 0.07230982856080925,
    "dff": -0.07224298950167916,
    "strength": 6.683905913008881e-05,
    "eff_n": 6.654241804182889
  },
  "Belgium": {
    "att": 0.032208477388640064,
    "dff": 0.04887572550717092,
    "strength": 0.08108420289581098,
    "eff_n": 10.9609129455875
  },
  "Bolivia": {
    "att": -0.17424665101724973,
    "dff": -0.1817029183267858,
    "strength": -0.35594956934403554,
    "eff_n": 3.4913089860559614
  },
  "Brazil": {
    "att": 0.2602870447253044,
    "dff": 0.2650451839535621,
    "strength": 0.5253322286788664,
    "eff_n": 9.531663975538931
  },
  "Burkina Faso": {
    "att": 0.012309583981690282,
    "dff": 0.04347348378828806,
    "strength": 0.055783067769978344,
    "eff_n": 4.130789263174076
  },
  "Cameroon": {
    "att": -0.1046451963396661,
    "dff": -0.053721828260069916,
    "strength": -0.158367024599736,
    "eff_n": 6.378761097578948
  },
  "Canada": {
    "att": 0.05034496345529421,
    "dff": -0.03531239080126406,
    "strength": 0.01503257265403015,
    "eff_n": 9.259464464531584
  },
  "Cape Verde Islands": {
    "att": 0.026924660363740756,
    "dff": 0.021226460676955407,
    "strength": 0.04815112104069616,
    "eff_n": 5.168817125621381
  },
  "Chile": {
    "att": -0.1267436605055202,
    "dff": -0.0161927956482527,
    "strength": -0.1429364561537729,
    "eff_n": 3.4868918290334925
  },
  "Colombia": {
    "att": 0.1221798445117417,
    "dff": 0.20009490222390197,
    "strength": 0.32227474673564366,
    "eff_n": 7.899535156076297
  },
  "Congo DR": {
    "att": 0.1652854785971289,
    "dff": 0.17062517734385305,
    "strength": 0.3359106559409819,
    "eff_n": 7.265315472292627
  },
  "Costa Rica": {
    "att": -0.2632586474316907,
    "dff": -0.24877247323283425,
    "strength": -0.5120311206645249,
    "eff_n": 6.402536457148781
  },
  "Croatia": {
    "att": 0.1476315920649112,
    "dff": -0.010465197888809449,
    "strength": 0.13716639417610174,
    "eff_n": 12.313100078608201
  },
  "Czech Republic": {
    "att": 0.03732169171920927,
    "dff": -0.008801643640655015,
    "strength": 0.02852004807855426,
    "eff_n": 5.9993253784475415
  },
  "C\u00f4te d'Ivoire": {
    "att": -0.004720769108049032,
    "dff": 0.08095372914893015,
    "strength": 0.07623296004088112,
    "eff_n": 7.260655234193915
  },
  "Denmark": {
    "att": 0.0036492590551241294,
    "dff": 0.00442571246117881,
    "strength": 0.008074971516302938,
    "eff_n": 10.795369790362146
  },
  "Ecuador": {
    "att": 0.037610547493856596,
    "dff": 0.10431327479852652,
    "strength": 0.14192382229238312,
    "eff_n": 6.904246621470596
  },
  "Egypt": {
    "att": 0.0789147723865769,
    "dff": 0.07596014933562627,
    "strength": 0.15487492172220318,
    "eff_n": 4.782531844424326
  },
  "England": {
    "att": 0.041230957433868475,
    "dff": 0.1942314803087382,
    "strength": 0.2354624377426067,
    "eff_n": 17.013447741812932
  },
  "Equatorial Guinea": {
    "att": -0.017468910756904335,
    "dff": -0.10665599433846175,
    "strength": -0.12412490509536608,
    "eff_n": 4.1253061730376555
  },
  "Finland": {
    "att": -0.07540712066854222,
    "dff": -0.0310192533273373,
    "strength": -0.10642637399587951,
    "eff_n": 1.5063767825612924
  },
  "France": {
    "att": 0.18664120912350723,
    "dff": 0.1172061819262353,
    "strength": 0.30384739104974257,
    "eff_n": 15.828754644017103
  },
  "Gambia": {
    "att": -0.05370509518817447,
    "dff": -0.13686985616656241,
    "strength": -0.1905749513547369,
    "eff_n": 3.090444377234647
  },
  "Georgia": {
    "att": -0.02498893958818528,
    "dff": -0.3044305092635122,
    "strength": -0.32941944885169744,
    "eff_n": 4.642148605756145
  },
  "Germany": {
    "att": 0.3236046842052694,
    "dff": 0.1277472723108798,
    "strength": 0.4513519565161492,
    "eff_n": 10.72789169187511
  },
  "Ghana": {
    "att": 0.019232327909621958,
    "dff": -0.14882390038601662,
    "strength": -0.12959157247639466,
    "eff_n": 5.339996248251866
  },
  "Guinea": {
    "att": -0.029475292800620254,
    "dff": 0.07221566781659973,
    "strength": 0.04274037501597948,
    "eff_n": 5.168802225189724
  },
  "Guinea-Bissau": {
    "att": -0.10057340214024582,
    "dff": 0.009432238414331731,
    "strength": -0.09114116372591409,
    "eff_n": 3.0873206130801805
  },
  "Hungary": {
    "att": -0.04850501018377529,
    "dff": -0.04432769816052168,
    "strength": -0.09283270834429697,
    "eff_n": 4.977840727179108
  },
  "Iceland": {
    "att": 0.027100459035566366,
    "dff": 0.004204544255862748,
    "strength": 0.031305003291429115,
    "eff_n": 0.6580576888065452
  },
  "Iran": {
    "att": 0.019249701229792963,
    "dff": -0.021178994904885656,
    "strength": -0.0019292936750926921,
    "eff_n": 2.904166499289211
  },
  "Italy": {
    "att": -0.02006098136459662,
    "dff": 0.13261481197302594,
    "strength": 0.11255383060842931,
    "eff_n": 8.175972236906873
  },
  "Jamaica": {
    "att": -0.08840469148459737,
    "dff": -0.1065012733141857,
    "strength": -0.19490596479878308,
    "eff_n": 3.4886570860904156
  },
  "Japan": {
    "att": -0.017146433964490792,
    "dff": 0.006972958806389355,
    "strength": -0.010173475158101436,
    "eff_n": 3.885175814701114
  },
  "Mali": {
    "att": -0.0045141370314051325,
    "dff": 0.0466713195026324,
    "strength": 0.04215718247122727,
    "eff_n": 5.173515552437154
  },
  "Mauritania": {
    "att": -0.053718134101246234,
    "dff": -0.06677572703939859,
    "strength": -0.12049386114064482,
    "eff_n": 4.130001029260907
  },
  "Mexico": {
    "att": 0.041384153084460536,
    "dff": 0.1074160654606273,
    "strength": 0.14880021854508785,
    "eff_n": 6.617712620804064
  },
  "Morocco": {
    "att": 0.06423059363374367,
    "dff": 0.15577569532744892,
    "strength": 0.2200062889611926,
    "eff_n": 10.074755433877906
  },
  "Mozambique": {
    "att": -0.06507155747869812,
    "dff": -0.04323834921307896,
    "strength": -0.10830990669177709,
    "eff_n": 3.088881010946122
  },
  "Namibia": {
    "att": -0.05950209075320179,
    "dff": -0.04076961922088023,
    "strength": -0.10027170997408202,
    "eff_n": 4.129993874524177
  },
  "Netherlands": {
    "att": 0.06277051061340812,
    "dff": 0.0992256993400089,
    "strength": 0.16199620995341701,
    "eff_n": 12.756794738477105
  },
  "Nigeria": {
    "att": 0.06465318215599501,
    "dff": 0.11123305224329533,
    "strength": 0.17588623439929035,
    "eff_n": 7.917126336470583
  },
  "North Macedonia": {
    "att": 0.0047491023518239665,
    "dff": -0.15239141536513504,
    "strength": -0.14764231301331107,
    "eff_n": 1.5071380407924582
  },
  "Panama": {
    "att": -0.08809791230232161,
    "dff": -0.0749241294511268,
    "strength": -0.16302204175344842,
    "eff_n": 5.321513981547214
  },
  "Paraguay": {
    "att": -0.027688999867275174,
    "dff": -0.06156315912717495,
    "strength": -0.08925215899445013,
    "eff_n": 3.493960221880431
  },
  "Peru": {
    "att": -0.14576752149868358,
    "dff": -0.019902386052101775,
    "strength": -0.16566990755078537,
    "eff_n": 4.143901033771739
  },
  "Poland": {
    "att": 0.02034481056151259,
    "dff": -0.09876535568330438,